[
    {
        "id": "0",
        "type": "project",
        "title": "BOOKI",
        "subtitle": "Création de la page d'accueil d'une agence de voyage",
        "cover": "booki_cover.jpg",
        "pictures": [
            "https://s3-eu-west-1.amazonaws.com/course.oc-static.com/projects/front-end-kasa-project/accommodation-20-1.jpg",
            "https://s3-eu-west-1.amazonaws.com/course.oc-static.com/projects/front-end-kasa-project/accommodation-20-2.jpg"
        ],
        "description": "Intégration d'une maquette Figma en <span class='filter'>HTML</span> et <span class='filter'>CSS</span>. En mode desktop, tablette et mobile"
    },
    {
        "id": "1",
        "type": "project",
        "title": "Sophie Bluel Architecte",
        "subtitle": "Création de la page d'accueil d'une agence de voyage",
        "cover": "sb_cover.jpg",
        "pictures": [
            "https://s3-eu-west-1.amazonaws.com/course.oc-static.com/projects/front-end-kasa-project/accommodation-20-1.jpg",
            "https://s3-eu-west-1.amazonaws.com/course.oc-static.com/projects/front-end-kasa-project/accommodation-20-2.jpg"
        ],
        "description": "Intégration d'une maquette Figma en <span class='filter'>HTML</span> et <span class='filter'>CSS</span>. En mode desktop, tablette et mobile"
    },
    {
        "id": "2",
        "type": "project",
        "title": "Projet OpenClassrooms : MenuMaker By Qwenta",
        "subtitle": "Création de la page d'accueil d'une agence de voyage",
        "cover": "kasa_cover.jpg",
        "pictures": [
            "https://s3-eu-west-1.amazonaws.com/course.oc-static.com/projects/front-end-kasa-project/accommodation-20-1.jpg",
            "https://s3-eu-west-1.amazonaws.com/course.oc-static.com/projects/front-end-kasa-project/accommodation-20-2.jpg"
        ],
        "description": "Intégration d'une maquette Figma en <span class='filter'>HTML</span> et <span class='filter'>CSS</span>. En mode desktop, tablette et mobile"
    },
    {
        "id": "3",
        "type": "",
        "title": "Projet OpenClassrooms : MenuMaker By Qwenta",
        "subtitle": "Création de la page d'accueil d'une agence de voyage",
        "cover": "",
        "pictures": [
            "https://s3-eu-west-1.amazonaws.com/course.oc-static.com/projects/front-end-kasa-project/accommodation-20-1.jpg",
            "https://s3-eu-west-1.amazonaws.com/course.oc-static.com/projects/front-end-kasa-project/accommodation-20-2.jpg"
        ],
        "description": "Intégration d'une maquette Figma en <span class='filter'>HTML</span> et <span class='filter'>CSS</span>. En mode desktop, tablette et mobile"
    },
    {
        "id": "4",
        "type": "",
        "title": "Projet OpenClassrooms : MenuMaker By Qwenta",
        "subtitle": "Création de la page d'accueil d'une agence de voyage",
        "cover": "",
        "pictures": [
            "https://s3-eu-west-1.amazonaws.com/course.oc-static.com/projects/front-end-kasa-project/accommodation-20-1.jpg",
            "https://s3-eu-west-1.amazonaws.com/course.oc-static.com/projects/front-end-kasa-project/accommodation-20-2.jpg"
        ],
        "description": "Intégration d'une maquette Figma en <span class='filter'>HTML</span> et <span class='filter'>CSS</span>. En mode desktop, tablette et mobile"
    },
    {
        "id": "5",
        "type": "letter",
        "title": "I",
        "subtitle": "",
        "cover": "",
        "pictures": "",
        "description": ""
    },
    {
        "id": "6",
        "type": "project",
        "title": "MenuMaker By Qwenta",
        "subtitle": "Création de la page d'accueil d'une agence de voyage",
        "cover": "qwenta_cover.jpg",
        "pictures": [
            "",
            ""
        ],
        "description": "Intégration d'une maquette Figma en <span class='filter'>HTML</span> et <span class='filter'>CSS</span>. En mode desktop, tablette et mobile"
    },
    {
        "id": "7",
        "type": "project",
        "title": "Projet OpenClassrooms : MenuMaker By Qwenta",
        "subtitle": "Création de la page d'accueil d'une agence de voyage",
        "cover": "ncarducci_cover.jpg",
        "pictures": [
            "https://s3-eu-west-1.amazonaws.com/course.oc-static.com/projects/front-end-kasa-project/accommodation-20-1.jpg",
            "https://s3-eu-west-1.amazonaws.com/course.oc-static.com/projects/front-end-kasa-project/accommodation-20-2.jpg"
        ],
        "description": "Intégration d'une maquette Figma en <span class='filter'>HTML</span> et <span class='filter'>CSS</span>. En mode desktop, tablette et mobile"
    },
    {
        "id": "8",
        "type": "letter",
        "title": "P",
        "subtitle": "",
        "cover": "",
        "pictures": "",
        "description": ""
    },
    {
        "id": "9",
        "type": "project",
        "title": "",
        "subtitle": "",
        "cover": "grimoire_cover.jpg",
        "pictures": "",
        "description": ""
    },
    {
        "id": "10",
        "type": "letter",
        "title": "L",
        "subtitle": "",
        "cover": "",
        "pictures": "",
        "description": ""
    },
    {
        "id": "11",
        "type": "",
        "title": "",
        "subtitle": "",
        "cover": "",
        "pictures": "",
        "description": ""
    },
    {
        "id": "12",
        "type": "project",
        "title": "",
        "subtitle": "",
        "cover": "cokaliti_cover.jpg",
        "pictures": "",
        "description": ""
    },
    {
        "id": "13",
        "type": "",
        "title": "",
        "subtitle": "",
        "cover": "",
        "pictures": "",
        "description": ""
    },
    {
        "id": "14",
        "type": "",
        "title": "",
        "subtitle": "",
        "cover": "",
        "pictures": "",
        "description": ""
    },
    {
        "id": "15",
        "type": "letter",
        "title": "O",
        "subtitle": "",
        "cover": "",
        "pictures": "",
        "description": ""
    },
    {
        "id": "16",
        "type": "",
        "title": "",
        "subtitle": "",
        "cover": "",
        "pictures": "",
        "description": ""
    },
    {
        "id": "17",
        "type": "",
        "title": "",
        "subtitle": "",
        "cover": "",
        "pictures": "",
        "description": ""
    },
    {
        "id": "18",
        "type": "",
        "title": "",
        "subtitle": "",
        "cover": "",
        "pictures": "",
        "description": ""
    },
    {
        "id": "19",
        "type": "",
        "title": "",
        "subtitle": "",
        "cover": "",
        "pictures": "",
        "description": ""
    },
    {
        "id": "20",
        "type": "letter",
        "title": "F",
        "subtitle": "",
        "cover": "",
        "pictures": "",
        "description": ""
    },
    {
        "id": "21",
        "type": "",
        "title": "",
        "subtitle": "",
        "cover": "",
        "pictures": "",
        "description": ""
    },
    {
        "id": "22",
        "type": "letter",
        "title": "R",
        "subtitle": "",
        "cover": "",
        "pictures": "",
        "description": ""
    },
    {
        "id": "23",
        "type": "",
        "title": "",
        "subtitle": "",
        "cover": "",
        "pictures": "",
        "description": ""
    },
    {
        "id": "24",
        "type": "",
        "title": "",
        "subtitle": "",
        "cover": "",
        "pictures": "",
        "description": ""
    },
    {
        "id": "25",
        "type": "",
        "title": "",
        "subtitle": "",
        "cover": "",
        "pictures": "",
        "description": ""
    },
    {
        "id": "26",
        "type": "",
        "title": "",
        "subtitle": "",
        "cover": "",
        "pictures": "",
        "description": ""
    },
    {
        "id": "27",
        "type": "",
        "title": "",
        "subtitle": "",
        "cover": "",
        "pictures": "",
        "description": ""
    },
    {
        "id": "28",
        "type": "",
        "title": "",
        "subtitle": "",
        "cover": "",
        "pictures": "",
        "description": ""
    },
    {
        "id": "29",
        "type": "letter",
        "title": "T",
        "subtitle": "",
        "cover": "",
        "pictures": "",
        "description": ""
    },
    {
        "id": "30",
        "type": "",
        "title": "",
        "subtitle": "",
        "cover": "",
        "pictures": "",
        "description": ""
    },
    {
        "id": "31",
        "type": "",
        "title": "",
        "subtitle": "",
        "cover": "",
        "pictures": "",
        "description": ""
    },
    {
        "id": "32",
        "type": "",
        "title": "",
        "subtitle": "",
        "cover": "",
        "pictures": "",
        "description": ""
    },
    {
        "id": "33",
        "type": "",
        "title": "",
        "subtitle": "",
        "cover": "",
        "pictures": "",
        "description": ""
    },
    {
        "id": "34",
        "type": "",
        "title": "",
        "subtitle": "",
        "cover": "",
        "pictures": "",
        "description": ""
    },
    {
        "id": "35",
        "type": "lang",
        "title": "change language",
        "subtitle": "",
        "cover": "england_cover.jpg",
        "pictures": "",
        "description": ""
    }
]